ncesid,state_id,District,ADM,ADM_persqmile,stpov_count,stpov_rate,ELL_count,ELL_rate,sr_BEP,srpp_BEP,lr_BEP,lrpp_BEP,slr_BEP,slrpp_BEP,lr,lrpp,lr_pct,sr,srpp,sr_pct,slr,slrpp,perpupil_transp,total_transport_aid,transp_cost_perpupil
4700030,171,Alamo City,574.6800000000001,44.9354914379545,220,0.38282174427507476,61,0.10614602909445256,4120000,7169.207210969582,648000,1127.5840467738567,4768000,8296.791257743438,584464,1016.4591304347827,0.10620844304641658,4560214,7930.806956521739,0.8286793179707759,5144678,8947.266086956522,NA,NA,NA
4700060,051,Alcoa City,2024.558125,15.365382207178149,544,0.2687006084352357,104,0.05136923396555977,9066000,4478.014183959278,13458000,6647.376449120225,22524000,11125.390633079502,12452264.900000002,6001.0915180722905,0.5149422740962567,9449812.75,4554.126626506024,0.3907809628486783,21902077.650000002,10555.218144578314,1923.2390024999997,471934.7663440483,245.38539709863667
4700090,010,Anderson County,6169.613832500001,272.06481600299867,2300,0.37279480733205184,27,0.004376286868680608,33106000,5365.976039797786,29060000,4710.181348291056,62166000,10076.157388088843,28019120,4563.374592833876,0.37689574796725145,35655703,5807.117752442997,0.4796183053387534,63674823,10370.492345276873,7230.013776666667,2905851.2101428574,401.915030856632
4700152,793,Arlington,4657.827,29.30870295677781,236,0.05066740349094116,85,0.018248852952245757,22362000,4800.951173154348,24977000,5362.371766920497,47339000,10163.322940074846,21425352.720000003,4485.106284278837,0.45791428995252226,22924435.580000002,4798.918898890517,0.489953504073656,44349788.300000004,9284.025183169355,4715.2574583333335,1115055.5274499035,236.47818540199793
4700120,541,Athens City,1588.9453349999999,14.219768171323226,623,0.39208397310911897,51,0.03209676184360364,8357000,5259.463504450894,6348000,3995.102827121488,14705000,9254.566331572383,6130959.14,3765.9454176904173,0.3352915051018836,9325785.08,5728.369213759213,0.5100109859368416,15456744.219999999,9494.31463144963,1566.4604166666668,345441.0155611939,220.52329690926476
4700153,794,Bartlett,8982.299294999999,31.666505536694476,1309,0.1457310602785921,223,0.024826605379775428,44692000,4975.563442300105,50176000,5586.097540518439,94868000,10561.660982818543,48346487.06,5394.007258730336,0.47849146434038914,45403754.03,5065.687161664621,0.4493668531780506,93750241.09,10459.694420394957,8725.574181666665,2152734.6634566095,246.7155305354836
4700180,020,Bedford County,8625.95066,464.93562550530913,3326,0.3855806891434271,933,0.10816199127204375,52050000,6034.117519517553,29593000,3430.6943276672996,81643000,9464.811847184852,14039865.27,1603.273412127441,0.1822509590111205,53308730.05,6087.556246431426,0.6919986045761705,67348595.32,7690.829658558866,8491.462551666666,3063362.2928007143,360.75791115624145
4700210,172,Bells City,367.645,28.693124170764065,116,0.31552176692189476,40,0.108800609283412,2644000,7191.720273633533,548000,1490.5683471827442,3192000,8682.288620816276,489131,1336.4234972677596,0.12358790001814159,2961069,8090.352459016393,0.748168281132904,3450200,9426.775956284153,NA,NA,NA
4700240,030,Benton County,2122.6262975,417.4289670599803,939,0.4423765036294619,9,0.004240030386224875,13045000,6145.6884875892765,7866000,3705.78655756054,20911000,9851.475045149817,7320439.35,3541.5768505079823,0.2881201363639881,15396108,7448.528301886792,0.605964823195303,22716547.35,10990.105152394775,2121.2022383333333,888314.1883425695,418.7786399096646
4700270,040,Bledsoe County,1601.2406924999998,377.5620590662579,740,0.46214164020816006,35,0.02185805055038595,12302000,7682.792510595656,3518000,2197.0463381787936,15820000,9879.838848774449,2933980.0600000005,1806.6379679802958,0.1465542244997614,13638673.61,8398.198035714286,0.6812606743206396,16572653.67,10204.836003694581,1686.481485,944953.3919974047,560.3105639771697
4700300,050,Blount County,10274.86148,515.5216236014248,2365,0.23017341933061272,227,0.022092755259217375,47720000,4644.344850087458,50868000,4950.723676325416,98588000,9595.068526412875,49687178.75,4747.48507070514,0.4516997915505461,50994400.629999995,4872.386836422702,0.4635835785869818,100681579.38,9619.871907127843,10579.143491666668,4176749.552991103,394.80980254036484
4701390,274,Bradford Special School District,540.7462499999999,74.23754118616144,158,0.2921888038983165,0,0,3607000,6670.411491526756,1902000,3517.361424143025,5509000,10187.772915669782,1555137,2737.917253521127,0.24758924248664688,4058647,7145.505281690141,0.6461664382306523,5613784,9883.422535211268,510.2833333333333,209644.997936434,410.8403787499115
4700330,060,Bradley County,9967.084105,293.75432080754496,3107,0.31172607427295307,218,0.021871993624558664,50661000,5082.830591806269,32532000,3263.943562358452,83193000,8346.77415416472,27842989.34,2801.6692835580598,0.306742347433511,53098882.88,5343.014980881465,0.5849830196683999,80941872.22,8144.684264439525,9843.881353333332,3799026.4568205853,385.9276966533287
4700360,821,Bristol City,4040.65672,30.508416538310534,1415,0.3501905997102372,39,0.009651896387773322,17522000,4336.4238078606195,26617000,6587.295542393911,44139000,10923.71935025453,23405025.66,5999.750233273519,0.509745180281952,18619147.329999994,4772.916516277876,0.4055120789142118,42024172.989999995,10772.666749551396,3971.743200833333,864169.5966592416,217.5794236842718
4700420,070,Campbell County,5164.4768225,473.24079744341606,2420,0.46858570251623977,36,0.00697069640106803,29741000,5758.763379560119,12163000,2355.127231283068,41904000,8113.890610843186,10376109.69,2012.8243821532492,0.200243646621734,31497413.32,6110.07047914646,0.6078537227133706,41873523.01,8122.894861299708,5411.1887775,2103759.5341758016,388.7795493151785
4700450,080,Cannon County,1880.5468,252.49017185821697,645,0.3429853487294227,8,0.0042540818447060185,11751000,6248.714469642553,4441000,2361.5471840424284,16192000,8610.261653684982,4400096.22,2278.661947177628,0.22620043177839294,13063025,6764.90160538581,0.6715448362017732,17463121.22,9043.563552563439,1886.3073683333334,795650.0767594662,421.80298402930543
4700510,100,Carter County,4924.4737374999995,324.0211697262797,2370,0.48126970034430006,38,0.007716560596237722,30016000,6095.270601491355,14317000,2907.3157383246175,44333000,9002.586339815973,12072700.239999998,2487.677774572429,0.23454018681510655,32527387.029999997,6702.531842159488,0.6319198919017867,44600087.269999996,9190.209616731918,5180.257344166667,2062593.539965519,398.16430013619765
4700570,110,Cheatham County,5870.968175,297.82215669862524,1592,0.27116481516270524,102,0.017373625092082873,33136000,5644.043539718217,17095000,2911.785499501537,50231000,8555.829039219754,14688464.560000002,2499.738692988428,0.27201210733523984,34287199.720000006,5835.125888359429,0.6349563231993424,48975664.28000001,8334.864581347858,6186.5272233333335,2329856.026670183,376.6015961075565
4700600,120,Chester County,2755.7325,280.7674477840041,820,0.2975615376311017,8,0.0029030393915229435,17803000,6460.35128591037,6731000,2442.5447680426164,24534000,8902.896053952987,4111492.44,1480.0188768898488,0.1622134588619755,18564480.23,6682.678268538517,0.7324368447782097,22675972.67,8162.697145428367,2821.4891666666663,1298209.017365936,460.1148332246309
4700630,130,Claiborne County,3982.7200000000003,425.3225117471166,1648,0.41378756226900204,12,0.0030130162301140926,24635000,6185.47123573839,12904000,3239.996786116021,37539000,9425.46802185441,11387137.77,2867.574356585243,0.2504311149063227,26584225.59,6694.592190883908,0.5846523848130182,37971363.36,9562.16654746915,4183.496533333334,1990020.9456026892,475.6836607241256
4700660,140,Clay County,1075.6832775,245.3097554161916,417,0.38766057697685086,6,0.005577850028443897,7138000,6635.782250505424,2865000,2663.423388581961,10003000,9299.205639087384,2228183,2140.425552353506,0.18548499343197306,8089522,7770.914505283381,0.6734118943721416,10317705,9911.340057636888,1041.5158125,463091.052069524,444.63180156424556
4700690,061,Cleveland City,5474.058749999999,25.745737701062925,2314,0.4227210751072046,670,0.12239547118488636,29238000,5341.1922186622505,21064000,3847.9674702066363,50302000,9189.159688868887,19817092.299999997,3547.635571070533,0.34853689279375644,30831104.009999998,5519.352669172932,0.5422479256982885,50648196.309999995,9066.988240243465,5478.000416666666,1355578.5340628144,247.4586401889463
4700720,011,Clinton City,915.94075,11.75021167143462,273,0.2980542136595626,7,0.007642415734860579,4885000,5333.314409256276,4503000,4916.25686486817,9388000,10249.571274124446,4690328,5021.764453961456,0.43479838399801696,5132596,5495.284796573876,0.47579709702918127,9822924,10517.049250535332,NA,NA,NA
4700750,150,Cocke County,4342.2618075,421.78356556580866,2111,0.4861521699022981,38,0.008751199647696507,25663000,5910.053593653565,12055000,2776.2029408679314,37718000,8686.256534521497,10494806.879999999,2391.1612850307583,0.23055590802113624,27306204.68,6221.509382547277,0.5998782909103326,37801011.56,8612.670667578037,4439.653547499999,1718886.4425798687,387.1667967307463
4700780,160,Coffee County,4274.603407500001,387.4731152556201,1305,0.30529147983888133,110,0.025733381442357817,22463000,5254.99043036076,16432000,3844.0993078256693,38895000,9099.089738186429,15505768.749999998,3719.30169105301,0.34824432945061223,24150552.000000004,5792.888462461023,0.5423976664879737,39656320.75,9512.190153514031,4334.922978333333,1746728.1464034943,402.94329452540046
4700149,795,Collierville,8959.9252825,35.658413754472264,671,0.07488901735716008,496,0.05535760448457735,44498000,4966.33605716678,47826000,5337.767725966525,92324000,10304.103783133305,44706021.37,4938.254873522589,0.46628348694403554,44907908.989999995,4960.55550535734,0.4683891733938613,89613930.35999998,9898.810378879927,8307.259624166667,2031227.7949294043,244.51237674339143
4700850,170,Crockett County,1935.5049774999998,175.25398202643967,642,0.3316963828371245,97,0.050116120148288285,12792000,6609.127927184574,3734000,1929.2122951928707,16526000,8538.340222377445,2461031.05,1263.3629620123202,0.13558549569843636,13582520,6972.546201232033,0.7483012890202771,16043551.05,8235.909163244354,2901.6031475,991983.3775300217,341.8742423079832
4700900,180,Cumberland County,7072.63227,651.255273480663,2635,0.37256284497879033,158,0.022339631691327844,34320000,4852.507339533998,23617000,3339.20937755753,57937000,8191.716717091528,19957125.09,2846.9507974322396,0.30245102334562535,36570434.9,5216.895135520685,0.5542263933216431,56527559.989999995,8063.845932952923,7144.943286666666,3061582.186599707,428.496359420094
4703180,190,Davidson County,81875.97663975,507.9848157921677,43166.2558,0.5272151560393503,17310,0.21141732545265493,301872000,3686.9422801296273,762343000,9310.948477039476,1064215000,12997.890757169103,762801985.9200001,9278.24927530591,0.6092065135045335,379893049.91999996,4620.782955700975,0.30339894850593474,1142695035.8400002,13899.032231006886,82075.9664565,28221396.09624489,343.84482223797073
4700930,721,Dayton City,820.3050000000001,7.543034482758621,384,0.4681185656554574,82,0.0999628187076758,4868000,5934.378066694705,1806000,2201.620129098323,6674000,8135.998195793028,1753956.76,2118.3052657004832,0.2161824316568891,5179230.56,6255.109371980676,0.6383616073707948,6933187.319999999,8373.414637681159,NA,NA,NA
4700960,200,Decatur County,1507.5636749999999,321.9226297245355,689,0.4570287885186674,9,0.005969897092406396,9076000,6020.309556742272,4474000,2967.702176825135,13550000,8988.011733567408,3590375,2374.5866402116403,0.2334889532478368,9909626,6553.98544973545,0.6444419320593386,13500001,8928.57208994709,1572.7655566666665,733827.619412514,466.584238383116
4700990,210,DeKalb County,2806.168065,313.04864625167335,1162,0.4140878140882129,197,0.07020249515953352,17172000,6119.376887713246,5979000,2130.6635459840145,23151000,8250.04043369726,4975324,1758.686461647225,0.1828648390096641,18096701,6396.854365500177,0.6651326255277099,23072025,8155.540827147402,2822.4876072499997,1440176.5083166861,510.2507818342118
4701020,220,Dickson County,8061.525065,475.85886695000295,2306,0.28605009367418,218,0.02704202967084616,42051000,5216.258668297027,27331000,3390.3014354765887,69382000,8606.560103773616,28513849,3553.1276012461058,0.35868816549466986,43457655,5415.284112149533,0.5466728307584945,71971504,8968.411713395639,8192.073093333334,2990664.5575553277,365.06809979382564
4701050,230,Dyer County,3786.0149999999994,491.24367458154916,1344,0.3549906696090745,31,0.008188028837709308,21702000,5732.148446321529,12730000,3362.3744227109514,34432000,9094.52286903248,11610681.44,3098.660645850013,0.29395540365408024,23927857.72,6385.870755270883,0.6057976106749511,35538539.16,9484.531401120896,6396.506524166665,2252185.695132138,352.09620855120636
4701080,231,Dyersburg City,2501.81412,15.342246561229432,1234,0.4932420798712256,51,0.0203852075149372,13946000,5574.354980457141,10409000,4160.580882803555,24355000,9734.935863260696,9287052,3792.1812984891794,0.33186938077386774,15163090,6191.543487137607,0.5418474332779042,24450142,9983.724785626786,NA,NA,NA
4701110,101,Elizabethton City,2459.484695,9.19344174024207,730,0.29681014136174566,14,0.005692249286389644,14127000,5743.886119201892,11117000,4520.052522628119,25244000,10263.938641830011,9308281.889999999,3748.8046274667736,0.34470809247188244,14995037.94,6039.080926298831,0.5553023625545687,24303319.83,9787.885553765605,2456.91937,487063.333461018,198.24148053381904
4701140,542,Etowah City,361.73546749999997,2.500884712706456,152,0.4201965625612866,2,0.005528902138964298,2020000,5584.19116035394,1050000,2902.673622956256,3070000,8486.864783310197,925516.62,2556.6757458563534,0.24129539999294664,2218777.0399999996,6129.218342541435,0.5784668603379225,3144293.6599999997,8685.894088397788,358.8572133333334,56461.08856800687,157.3358050784438
4701170,240,Fayette County,3260.8597499999996,647.8958374726802,1550,0.4753347640909733,74,0.022693401640472274,16855000,5168.882225002165,12114000,3714.9711820632583,28969000,8883.853407065422,9884454,3032.0411042944784,0.2904040614744586,18454876,5661.00490797546,0.5422020219232656,28339330,8693.046012269939,3260.7551958333333,1683495.3903459765,516.2900276896545
4701200,521,Fayetteville City,1327.08,8.87803637969213,618,0.4656840582331133,14,0.010549477047352082,7871000,5931.066702836302,4037000,3042.017060011454,11908000,8973.083762847757,3689962,2789.086923658352,0.2687661854266056,8437483,6377.538170823885,0.6145619170364985,12127445,9166.625094482237,1392.2389050000002,315140.79658549756,226.3554016869666
4701230,250,Fentress County,2079.3900000000003,458.52039691289974,894,0.42993377865624044,7,0.0033663718686730237,12681000,6098.423095234659,3653000,1756.7652051803652,16334000,7855.188300415024,3180216,1528.2152811148487,0.15467313876287694,14480177,6958.278231619413,0.7042585869739726,17660393,8486.493512734263,2078.7504166666663,929026.4437522417,446.91581841843293
4701290,260,Franklin County,5063.91102,538.2558482142857,1618,0.31951588280474963,116,0.022907195553368946,26776000,5287.612656353508,19174000,3786.401444312898,45950000,9074.014100666407,17651525.729999997,3485.0001441263566,0.3349479541249673,28349958.760000005,5597.227790720633,0.5379569353628446,46001484.49,9082.22793484699,5240.9948091666665,2157060.510124801,411.57463204352615
4701260,941,Franklin Special School District,3456.5699999999997,19.454672347514816,461,0.13336920704629157,487,0.1408911146020477,14882000,4305.424163260111,44488000,12870.562436172277,59370000,17175.986599432388,45449941.160000004,13052.826295232626,0.7108178555154118,15454854,4438.499138426192,0.24170737953016488,60904795.160000004,17491.325433658818,3496.7864491666674,1321025.611961366,377.7827531550246
4700151,796,Germantown,6024.301794999999,19.65835142763909,212,0.035190800065155105,153,0.02539713400928647,28938000,4803.544208893672,34638000,5749.71194649454,63576000,10553.256155388211,37729347.480000004,6193.261240971767,0.5379232698409816,29414539.640000004,4828.387990807617,0.41937553657410803,67143887.12,11021.649231779384,5870.599665833332,1257739.4480121396,214.24377740014117
4701400,275,Gibson County Special School District,3881.838,322.4117940199336,859,0.22128692645082046,25,0.006440248150489536,22781000,5868.611724652084,13250000,3413.331519759454,36031000,9281.94324441154,11275726.05,2899.389573155053,0.29497660247133406,23727182.18,6101.101100539984,0.6207106801494864,35002908.230000004,9000.490673695038,3929.2104841666664,1272995.466575224,323.98250786129864
4701410,280,Giles County,3613.3587825,586.7747292140305,1460,0.40405619477118726,47,0.013007288461812191,18911000,5233.63472556022,12810000,3545.1779828896633,31721000,8778.812708449885,11446620.9,3134.3430722891567,0.31004098807727,21010763.259999994,5753.221046002189,0.5690935218609363,32457384.159999996,8887.564118291346,3789.562086666667,1543148.4899386857,407.2102408265471
4701440,290,Grainger County,3299.8965132499993,292.9075548775075,1099,0.33304074706197917,69,0.0209097466308249,21977000,6659.905821820852,6416000,1944.3033968604716,28393000,8604.209218681324,4866874.88,1512.3911995027968,0.15092834235931904,23471482,7293.810441267869,0.7278822567504744,28338356.88,8806.201640770665,3436.6662910833334,1474107.9944115,428.93544777279493
4701470,300,Greene County,6273.026677500001,572.6699541263466,2216,0.3532585008682198,79,0.012593601790879677,34087000,5433.900053743235,20138000,3210.2525679080372,54225000,8644.152621651272,17691603.24,2887.4821674555246,0.28771006678741506,36693966.7,5988.896148196508,0.5967363989987482,54385569.94,8876.378315652031,6545.395125833333,2841630.851907323,434.14198795913615
4701500,301,Greeneville City,2808.9024999999997,16.517320561220288,811,0.2887248667406576,93,0.03310901677790525,15382000,5476.16017287891,15752000,5607.884218124339,31134000,11084.044391003248,15027735.72,5304.53078715143,0.43484318838750907,16122445.07,5690.944253441581,0.46651974385674627,31150180.79,10995.47504059301,2753.8250399999997,614664.8073453081,223.20401565718504
4701530,310,Grundy County,1871.2289649999998,333.49295401889145,581,0.3104911322276374,8,0.004275265159760928,12971000,6931.808048407374,3041000,1625.1351688541226,16012000,8556.943217261498,2329076.76,1258.9604108108108,0.11428777774897367,14448766.360000001,7810.143978378379,0.709000848258229,16777843.12,9069.10438918919,2019.9396733333333,863304.5702313926,427.3912640206502
4700001,320,Hamblen County,10203.112950000002,170.63488502383146,4107,0.4025242119857155,1429,0.1400552955752587,55910000,5479.700192871038,36269000,3554.6994508180946,92179000,9034.399643689132,40223160.8,3936.88566115298,0.3699092724295359,57063927.00000001,5585.193990408144,0.5247841119075395,97287087.80000001,9522.079651561126,10159.275921666665,3081562.594661986,303.3250222183595
4701590,330,Hamilton County,43857.765349999994,560.5399318780194,15791,0.36005026416604696,3331,0.07595006205668435,170029000,3876.827709827674,264304000,6026.39003357247,434333000,9903.217743400144,248861485,5624.24256463569,0.5234667286986955,175861818,3974.458009401555,0.36991586131323356,424723303,9598.700574037244,43357.93293833333,14417998.571716089,332.5342698468206
4701620,340,Hancock County,954.4246824999998,208.70865569647927,495,0.518637048136064,2,0.002095503224792178,7353000,7704.117605948441,2019000,2115.4105054277034,9372000,9819.528111376145,2429580,2646.6013071895427,0.19191107436173008,8535568,9298.004357298474,0.6742194227675581,10965148,11944.605664488017,972.3382541666666,503176.25935372384,517.4909628388182
4701650,350,Hardeman County,3328.7254049999997,630.7988260375213,1442,0.43319884476923387,22,0.006609136327963346,20848000,6263.057916608174,10052000,3019.7744713039797,30900000,9282.832387912154,9017865,2740.159525979945,0.24349533305775664,23099660,7019.039805530234,0.6237240638688801,32117525,9759.199331510179,3524.2716516666665,1516215.5652294029,430.2209690653012
4701680,360,Hardin County,3415.2326149999994,570.1556953255424,1476,0.43218139622972657,8,0.0023424465920310385,16358000,4789.717669055466,15027000,4399.993117306301,31385000,9189.710786361768,14735153.43,4331.32082010582,0.39119154766748787,18038781.6,5302.404938271606,0.4788968724121255,32773935.03,9633.725758377426,3434.6607091666665,1358449.089872993,395.51187290420495
4701740,370,Hawkins County,6424.84693,482.20106049234465,2668,0.41526281156086625,22,0.0034242060923309814,37653000,5860.528727024474,20011000,3114.6267324379664,57664000,8975.155459462441,18573510.589999996,2904.380076622361,0.27771535859864993,41094360,6426.014073494918,0.6144522258450452,59667870.589999996,9330.39415011728,7354.4002108333325,3118238.466526092,423.9962984245539
4701770,380,Haywood County,2703.5728299999996,492.813129784907,1201,0.444226982411271,73,0.027001307007512725,16758000,6198.46442235477,7251000,2682.006535773627,24009000,8880.470958128397,6676095,2539.40471662229,0.2265683441015115,18091542,6881.529859262077,0.6139772895956315,24767637,9420.934575884366,2818.1599141666666,1251445.5356882957,444.064770560882
4701800,390,Henderson County,3821.1162499999996,492.4753512050521,1448,0.3789468587876645,8,0.0020936290540754946,23074000,6038.5495992172455,10131000,2651.3194933548543,33205000,8689.8690925721,7840940.5,2040.3175904241477,0.20704389701386777,24952824,6493.058548009368,0.6588916115944469,32793764.5,8533.376138433516,3859.3412241666665,1697294.6763074182,439.7887042687988
4701830,400,Henry County,2923.3166125,543.3674000929368,1114,0.38107401546468656,22,0.0075256986896078135,16219000,5548.150320306779,12487000,4271.518160778762,28706000,9819.66848108554,10833896.429999998,3676.245819477434,0.3212810573273848,18566065.099999998,6299.9881574482515,0.550579845790261,29399961.529999994,9976.233976925685,2935.0036024999995,1366884.3385728353,465.71811271663864
4701860,410,Hickman County,3266.4849999999997,590.7912823295351,1069,0.32726309779472434,28,0.00857190527432393,22360000,6845.278640495824,6588000,2016.8468552587876,28948000,8862.125495754612,5664440.93,1723.2859537572253,0.16666335199926632,23890019.590000004,7268.031515059326,0.7029097475640087,29554460.520000003,8991.31746881655,3311.5364525000005,1343436.2761592404,405.6836744602437
4701890,092,Hollow Rock-Bruceton Special School District,630.524125,88.85627466178128,303,0.4805525878966169,0,0,4062000,6442.259445663558,1558000,2470.960171428809,5620000,8913.219617092367,1180537.91,1910.2555177993527,0.18646556622851443,4326507,7000.820388349514,0.6833703269610641,5507044.91,8911.075906148868,NA,NA,NA
4701920,420,Houston County,1286.7495350000002,192.8870536651177,445,0.3458326487757386,1,7.771520197207609e-4,8963000,6965.61355275718,2431000,1889.2565599411696,11394000,8854.870112698349,1806519,1393.9189814814815,0.1366873979179462,9881544,7624.648148148148,0.7476713706148088,11688063,9018.56712962963,1307.9353191666667,687335.5086306167,525.5118495221486
4701950,271,Humboldt City,1030.962265,8.3012244150281,677,0.6566680692236588,21,0.020369319724810687,6845000,6639.428262682341,3508000,3402.646361649328,10353000,10042.074624331668,3027122.06,2746.934718693285,0.22949127425699156,7727874.220000001,7012.590036297641,0.5858632942094033,10754996.280000001,9759.524754990927,1041.8487791666666,276070.66867722885,264.9815157417056
4701980,430,Humphreys County,2842.0101349999995,523.6797742767643,960,0.33778908392246115,31,0.010907772501662808,15242000,5363.105434527242,9861000,3469.7272464160305,25103000,8832.832680943273,7352048,2592.400564174894,0.2685849174333269,16832174,5935.181241184768,0.6149127513875579,24184222,8527.581805359661,2841.3630266666673,1083747.351774161,381.4181227822741
4702010,093,Huntingdon Special School District,1283.935675,116.85953171930463,518,0.40344700290378643,0,0,7624000,5937.992181734494,3474000,2705.7430271964367,11098000,8643.735208930932,2885036,2259.229444009397,0.22858855184185006,8117476,6356.676585747847,0.643167739830967,11002512,8615.906029757243,NA,NA,NA
4702070,440,Jackson County,1410.6888250000002,304.9478653264159,636,0.4508435799085599,9,0.006379861979838111,10111000,7167.42049757146,3312000,2347.789208580425,13423000,9515.209706151885,3096128.2100000004,2261.5984002921846,0.18960219197267789,11008350.56,8041.161840759679,0.674134678737886,14104478.770000001,10302.760241051863,1447.8406633333334,766457.8495372143,529.3799718075429
4702100,450,Jefferson County,6936.567702499999,301.74733350008694,2650,0.38203332161595094,352,0.05074555819200556,38097000,5492.1975296614655,22717000,3274.9626291130407,60814000,8767.160158774506,18416527,2634.696280400572,0.2745844818195938,41456610,5930.845493562232,0.6181046934010408,59873137,8565.541773962805,7091.722903333332,2798685.094482005,394.6410671469602
4702130,901,Johnson City,7801.989999999999,37.06426158794103,2661,0.34106683038558117,470,0.0602410410677276,33700000,4319.410816983873,49850000,6389.395526013236,83550000,10708.806342997108,47765508.97,6040.914249399267,0.5350453531555652,34595709.57,4375.326871126849,0.3875238439555566,82361218.53999999,10416.241120526114,7758.480745000001,1816063.7367432655,234.07465925769534
4702160,460,Johnson County,1950.201855,283.54199694678687,878,0.4502098066151209,39,0.019997929906594207,13346000,6843.394167523238,5118000,2624.343724665363,18464000,9467.737892188601,4356799.839999999,2203.742964087,0.19580097653691297,14276088.43,7221.086712190187,0.6415883580553302,18632888.27,9424.829676277188,1993.3735541666665,1017046.8698085421,510.2138872479024
4702190,822,Kingsport City,7327.264575,51.09597198783839,2763,0.3770847867875714,96,0.013101751549622459,31833000,4344.458927907623,48840000,6665.516100870426,80673000,11009.975028778048,46357856,6295.200434546442,0.5299804642406867,33258183,4516.320342205323,0.38022007027550436,79616039,10811.520776751766,7312.9696775,1607035.6688107818,219.75144704280524
4702220,470,Knox County,58917.625765000004,509.1659243047514,16468,0.2795088869616808,3708,0.06293532626025701,230236000,3907.7609969947503,301881000,5123.780805494242,532117000,9031.541802488991,282897189.55,4724.401963092852,0.4871895779967618,234522087.90999997,3916.5345342351366,0.40388070741013254,517419277.46,8640.93649732799,58346.12635,20297653.160750482,347.8834745427874
4702280,480,Lake County,708.34125,178.37855703852932,457,0.6451692598729779,1,0.0014117489275119867,5194000,7332.623929497259,1575000,2223.504560831379,6769000,9556.128490328638,1403548,1996.5120910384069,0.15311824709985303,6512353,9263.660028449502,0.7104566967823467,7915901,11260.172119487908,767.5102983333333,284324.77742970525,370.4507653475442
4700154,797,Lakeland,1738.1000000000001,17.371098473869896,161,0.09262988320579943,116,0.06673954317933375,9088000,5228.698003567113,7779000,4475.5767792417,16867000,9704.274782808814,8626169.56,4721.494012041599,0.45056191404114976,9578296,5242.63601532567,0.5002933630037164,18204465.560000002,9964.13002736727,1324.628125,355715.9793843805,268.54025871176526
4702310,490,Lauderdale County,3752.0723125000004,478.5196164392297,1874,0.4994573248913096,30,0.007995581508398766,24663000,6573.167558054625,8630000,2300.0622805827115,33293000,8873.229838637337,7986932.510000001,2158.6304081081084,0.1937160097292021,26884162.3,7265.989810810811,0.6520516655358902,34871094.81,9424.620218918919,4034.2749466666664,1478018.122719734,366.3652433855436
4702340,500,Lawrence County,6725.6129025,596.4008958499602,2319,0.3448012892829435,41,0.006096098689349153,39256000,5836.791467050984,20342000,3024.557061920499,59598000,8861.348528971483,13523586,2021.4627802690584,0.21332953068061197,41638057,6223.924813153961,0.6568248361242773,55161643,8245.38759342302,6608.9073874999995,2426365.2534851655,367.1356112622127
4702370,951,Lebanon City,3703.220915,46.81340119586378,1252,0.33808407025590587,264,0.07128929276961593,17968000,4851.992471532042,19238000,5194.937175385877,37206000,10046.929646917919,18918530,4994.332101372756,0.45757007781593445,19296610,5094.142027455121,0.4667144508206366,38215140,10088.474128827878,3552.9740899999997,1187114.1573316352,334.11843916138304
4702400,531,Lenoir City,2228.0565224999996,7.998163924098343,674,0.3025057906716548,372,0.16696165301165516,10643000,4776.808798395285,12096000,5428.946652766078,22739000,10205.755451161363,11540321,4881.692470389171,0.4428709488844817,11321967,4789.326142131979,0.43449140353451077,22862288,9671.018612521151,2213.1589975,627633.3750526882,283.5916333899495
4702430,510,Lewis County,1614.5010475000001,267.21301679907316,540,0.33446865880711046,11,0.00681325045718188,10037000,6216.781348975866,4111000,2546.297511770428,14148000,8763.078860746295,3687615.74,2255.4224709480122,0.2182552509063368,11007992.46,6732.717100917432,0.6515191185110745,14695608.200000001,8988.139571865444,1661.346845833333,660037.0103968496,397.2903142123669
4702460,391,Lexington City,804.375,11.036827156597742,393,0.4885780885780886,8,0.009945609945609946,4865000,6048.174048174048,3012000,3744.5221445221446,7877000,9792.696192696192,2526908,3081.5951219512194,0.2855974876054202,5470453,6671.284146341463,0.6182843351889082,7997361,9752.879268292683,NA,NA,NA
4702490,520,Lincoln County,3713.0302699999997,533.0983876525485,1059,0.2852117874061932,55,0.014812699062644595,21542000,5801.730240136179,10691000,2879.31937597697,32233000,8681.049616113149,8547495,2268.4434713375795,0.23930893195528263,23709728,6292.390658174098,0.6638143321090284,32257223,8560.834129511677,3761.6707499999998,1610252.962611068,428.06855507252146
4702520,530,Loudon County,4656.897655000001,227.2766059053197,1023,0.21967414269919142,193,0.04144389984451998,21746000,4669.632362792391,23105000,4961.457543562871,44851000,9631.089906355262,20328886.659999996,4374.625922100279,0.4144524504470475,24342432.49,5238.311273940176,0.4962780777942674,44671319.14999999,9612.937196040455,4660.5840025,1553836.3515122083,333.39949471540683
4702550,560,Macon County,3870.19625,297.5243119618696,1589,0.41057349481954564,155,0.0400496486450784,24813000,6411.302786002131,8261000,2134.5170803676947,33074000,8545.819866369826,6345503,1624.1369337087278,0.17175147417802863,25901954,6629.627335551574,0.7010789820115892,32247457,8253.764269260302,3785.1347875000006,1544958.0096854288,408.1645955614278
4702580,570,Madison County,12073.5553675,531.1259619699102,5425,0.4493291192918365,532,0.04406324266603816,51536000,4268.5023948062835,50698000,4199.094505042862,102234000,8467.596899849144,47606945.32,3945.217976298997,0.39177316995739564,55158613.39999999,4571.029535095715,0.4539183238268831,102765558.72,8516.247511394713,12373.672524166666,4821052.406159109,389.6217874477646
4702610,161,Manchester City,1342.2003925,12.313765068807339,510,0.37997306724822766,161,0.11995228201365618,7654000,5702.576189643009,7322000,5455.221173316711,14976000,11157.79736295972,7113314.04,5106.470954773869,0.4140951572900789,8382090,6017.293610911702,0.4879558047699518,15495404.04,11123.76456568557,1316.4166708333335,193740.38017848515,147.17253622733398
4702640,580,Marion County,3922.9248000000002,485.39034892353374,1460,0.3721712942343427,49,0.012490680422933418,20686000,5273.1064332408305,11993000,3057.1577614742955,32679000,8330.264194715126,10198780.879999997,2617.0851629458552,0.27036720947548937,22298256.259999998,5721.903069027457,0.5911213695166243,32497037.139999993,8338.988231973311,3994.374225,1596062.3971690903,399.57758268608154
4702670,590,Marshall County,5368.155000000001,370.4475191498172,1541,0.28706324612459955,196,0.0365116133941736,29779000,5547.343547270896,16458000,3065.85782265974,46237000,8613.201369930635,14225787,2651.5912395153773,0.28960062303541784,30479516,5681.17726001864,0.6204849561868168,44705303,8332.768499534017,5382.386533333333,1764364.973469489,327.80346832073593
4702700,052,Maryville City,5288.599155,16.859639493885563,888,0.1679083579553308,164,0.031010102144903438,23031000,4354.83940548336,36752000,6949.288256277385,59783000,11304.127661760745,31742284.310000002,5914.344011552078,0.5424513745582239,23735789.08,4422.543148872741,0.4056264913679767,55478073.39,10336.887160424818,5164.086458333332,1324440.9689223345,256.4714939629007
4702760,600,Maury County,12469.36884,593.6663892591887,4266,0.3421183585744345,526,0.04218337004457397,59526000,4773.7781088846195,48961000,3926.5018645482623,108487000,8700.279973432882,47369486.660000004,3752.9303327523376,0.3928078265877643,61454281.150000006,4868.822781651086,0.5096049021242426,108823767.81,8621.753114403422,12197.087444166666,4160902.3023980362,341.1390072789889
4702790,094,McKenzie Special School District,1230.7899375,52.76246141809919,395,0.32093210056813615,18,0.014624753949940382,7489000,6084.710129505751,3019000,2452.896231937223,10508000,8537.606361442973,2458847,2028.7516501650166,0.21452756981675378,7689041,6344.093234323433,0.6708474662926902,10147888,8372.84488448845,NA,NA,NA
4702820,540,McMinn County,5293.1476299999995,389.74653044694793,2079,0.39277196581800233,98,0.018514503439232433,26940000,5089.5992107441,13546000,2559.1577917126792,40486000,7648.757002456779,12189309.13,2320.4471977917383,0.24730326343420803,29403666.08,5597.4997296782785,0.596557401322853,41592975.21,7917.946927470018,5475.190782500001,1802850.7719466458,329.27633822532385
4702880,550,McNairy County,3972.289195,532.9070559431178,1404,0.3534485862125152,8,0.0020139520581909697,24867000,6260.118228879355,8705000,2191.431583319049,33572000,8451.549812198404,6376554.21,1628.3335572012256,0.16337149546035593,27786606.300000004,7095.660444330951,0.7119110534463955,34163160.510000005,8723.994001532177,4125.006940833333,2177519.4311759146,527.8826102377449
4702910,610,Meigs County,1703.415,205.28018799710773,711,0.41739681756941205,7,0.004109392015451314,11345000,6660.150345042165,3620000,2125.1427279905365,14965000,8785.293073032703,2937936,1776.261185006046,0.16844365792372673,12008081,7260.024788391777,0.6884714603328331,14946017,9036.285973397824,1679.21875,741312.6105866979,441.4627996422133
4702970,272,Milan Special School District,1878.98838,62.60164517741129,716,0.38105610850025584,13,0.006918616495116377,11844000,6303.391828319875,6415000,3414.0711397055047,18259000,9717.46296802538,6565259.66,3449.952527588019,0.30081128545714997,12768072.86,6709.444487651077,0.5850157661284564,19333332.52,10159.397015239096,1937.7542650000003,715854.3614164887,369.4247378763935
4700150,798,Millington,2466.7926874999994,69.67947255804755,1130,0.45808470477720287,55,0.022296158197120493,13145000,5328.781809111798,13053000,5291.4864172184325,26198000,10620.26822633023,13189427.430000002,5240.138033373064,0.43290877040734627,13655490.059999999,5425.303957091775,0.4482060682739082,26844917.490000002,10665.44199046484,2522.4174358333335,721530.1681315847,286.047090335471
4703000,620,Monroe County,5129.0167325,573.3948275572945,1728,0.33690668019281994,72,0.0140377783413675,29352000,5722.734303830817,13890000,2708.1214050221465,43242000,8430.855708852963,11574268.889999999,2248.3039801864797,0.2324353928512402,31831520.16,6183.278974358975,0.6392431317916076,43405789.05,8431.582954545454,6758.085971666666,2574430.063684635,380.94070931887444
4703030,630,Montgomery County,34776.283749999995,469.0433857545553,9640,0.2772004067283354,995,0.0286114527691591,190932000,5490.293366955865,128896000,3706.4339860638506,319828000,9196.727353019716,106092919.46000001,2954.0825154535837,0.3121105535220592,199656178.35000002,5559.28546945481,0.5873605953733029,305749097.81000006,8513.367984908395,33042.35958333333,12631873.587005258,382.29332730150463
4703060,640,Moore County,858.3329074999999,126.89723647250146,200,0.23300982433788375,1,0.0011650491216894188,4882000,5687.769812087742,4525000,5271.84727564462,9407000,10959.617087732362,3970394,4579.462514417532,0.3942051250699262,5238429.34,6042.0176931949245,0.5201034691128061,9208823.34,10621.480207612456,840.4665825000001,376259.6314424627,447.6794667115306
4703090,650,Morgan County,2772.6220900000003,499.9318589974757,1301,0.4692309149134709,8,0.002885355356885294,18884000,6810.881319927736,5707000,2058.3403777180465,24591000,8869.221697645782,4078409.61,1507.1728048780487,0.13693004821046717,20523266.66,7584.3557501847745,0.6890558236964516,24601676.27,9091.528555062823,2952.157000833333,1293604.077153377,438.18945834798734
4703150,751,Murfreesboro City,8438.99625,56.26635185321003,2728,0.3232611935335319,810,0.0959829790183874,45098000,5344.00047872992,41356000,4900.5828151659625,86454000,10244.583293895883,43482257.52,4985.925641554868,0.4344172775207757,46512215.00999999,5333.357987616098,0.464688610217889,89994472.53,10319.283629170966,8141.048749999999,2141734.416610711,263.0784414121966
4703210,151,Newport City,671.7421999999999,5.138511554613813,238,0.35430258810597287,5,0.007443331682898589,3886000,5784.957383948784,2334000,3474.5472295770614,6220000,9259.504613525845,1983832.29,3109.455,0.2676297088133095,4238610.88,6643.590721003135,0.5718115393652179,6222443.17,9753.045721003135,NA,NA,NA
4703240,012,Oak Ridge,4460.132487500001,85.2944576982655,1273,0.2854175304360843,143,0.03206182784945802,22748000,5100.296922513783,35058000,7860.3046206034915,57806000,12960.601543117275,35292201,7731.040744797371,0.5476370616406909,23688989,5189.263745892662,0.36758739782760075,58981190,12920.304490690032,4388.163359166666,1178180.1067890357,268.4904845959923
4703270,660,Obion County,3146.6598649999996,521.6611182029177,1176,0.37372962139331833,79,0.025105986471149786,17779000,5650.118145197114,10447000,3320.0283628367315,28226000,8970.146508033846,9018155.26,2856.558523915109,0.27941234227131895,19619997.7,6214.760120367438,0.6078925627983578,28638152.96,9071.318644282546,3300.409583333334,1263862.364201591,382.94106603736145
4703300,761,Oneida Special School District,1206.4688099999998,5.947385646046229,347,0.2876162210940207,0,0,7625000,6320.097077354201,3320000,2751.8324323693046,10945000,9071.929509723506,2158468.12,1773.5974691865242,0.17341579857728656,7807712.28,6415.540082169269,0.6272877730053695,9966180.4,8189.137551355793,1220.32842,361912.9958622344,296.5701608934375
4703330,670,Overton County,3034.9519124999997,416.4313820664105,999,0.32916501770108364,6,0.0019769670732797816,18791000,6191.531379000063,7094000,2337.434069641128,25885000,8528.965448641191,5839624,1881.9284563325814,0.19448937295762808,20241341,6523.1521108604575,0.6741402732284696,26080965,8405.08056719304,3028.4736974999996,1352729.4647373836,446.6703692536804
4703360,401,Paris Special School District,1574.3712500000001,24.30222820801754,684,0.4344591531381178,26,0.01651452921285243,8771000,5571.112912535718,6435000,4087.3459801809768,15206000,9658.458892716695,6376839.54,4114.090025806451,0.3616629920793404,9236279,5958.8896774193545,0.523836342104286,15613118.54,10072.979703225807,1635.6267666666665,536877.1727920065,328.2394148428727
4703390,680,Perry County,991.69145,396.83531412565026,382,0.3852004572591606,1,0.0010083781603642946,6453000,6507.0642688307935,2852000,2875.8945133589687,9305000,9382.958782189762,2326732.3499999996,2317.4624999999996,0.20443717770263004,7136713.74,7108.280617529881,0.6270637940273541,9463446.09,9425.74311752988,1022.652795,560793.4170471923,548.3712749713771
4703420,690,Pickett County,617.6280700000001,169.72466886507286,189,0.3060094078949488,0,0,3915000,6338.766306395368,1879000,3042.2840075905224,5794000,9381.05031398589,1443200,2327.7419354838707,0.21658836999092496,4275644,6896.2,0.6416676584128869,5718844,9223.94193548387,683.55959,269239.244900962,393.87823510889814
4703450,700,Polk County,2163.664115,414.09839521531103,1103,0.5097833773519879,7,0.003235252621454139,13863000,6407.186727316962,5427000,2508.245139518802,19290000,8915.431866835763,4334158.8,1998.2290456431535,0.19269832115351462,14920346.080000002,6878.9055232826195,0.6633641666856839,19254504.880000003,8877.134568925774,2283.2137725,934044.6015477753,409.09204946019804
4703480,710,Putnam County,11141.924,382.8708291811278,3730,0.33477162472118815,794,0.07126237802375962,54366000,4879.408619193597,39658000,3559.3493547433995,94024000,8438.757973936996,36996199.2,3234.781778438402,0.3392272597024835,58145175.97,5083.953481682259,0.5331474350268336,95141375.17,8318.73526012066,10876.96231,3342839.342079996,307.3320700032835
4703510,720,Rhea County,4166.17351,318.85607760600027,1813,0.4351715058550214,151,0.03624428978715292,24349000,5844.451735280704,11691000,2806.1721317987067,36040000,8650.623867079412,9798859.309999999,2364.0191338962604,0.23488317138345197,26470593.6,6386.1504463208685,0.6345123219419412,36269452.91,8750.169580217129,4207.374328333333,1877703.6357486283,446.2887038844587
4703540,581,Richard City Special School District,244.85297999999997,4.802922322479404,79,0.32264259148489843,0,0,1442000,5889.248315458526,789000,3222.3418314124665,2231000,9111.590146870993,575425.47,2256.5704705882354,0.22960003875496254,1664143.1400000001,6526.051529411765,0.664008371818865,2239568.6100000003,8782.622000000001,NA,NA,NA
4703590,730,Roane County,6300.489345000001,338.863515570376,2282,0.3621940892275249,14,0.002222049627162729,32110000,5096.4295377282315,28264000,4486.000761580527,60374000,9582.430299308759,26812984.73,4252.654199841396,0.3946390101916955,34316523.79,5442.747627279937,0.5050776374982618,61129508.519999996,9695.401827121332,6465.520260833334,2260084.4610430924,349.55956672724005
4703600,740,Robertson County,10967.0374975,458.9678802050638,3522,0.32114415591292184,905,0.08252000599125334,62752000,5721.873387804563,37969000,3462.1017762230917,100721000,9183.975164027655,33677685,2721.8689889275033,0.28727237459109484,72905873,5892.335973490665,0.6218908235036579,106583558,8614.204962418169,11048.215076666667,4278009.116593565,387.2126933542892
4703660,371,Rogersville City,646.8062500000001,3.555990642799024,233,0.3602315221907642,17,0.026282986597609404,3781000,5845.645430915362,2287000,3535.834726396042,6068000,9381.480157311404,2073904.67,3291.9121746031747,0.3114079379604109,3988317.2100000004,6330.6622380952385,0.5988672749833381,6062221.880000001,9622.574412698414,NA,NA,NA
4703690,750,Rutherford County,45827.19817,558.602593522593,9476,0.20677676965648104,4118,0.08985930112340533,226301000,4938.137373367594,190639000,4159.953207106573,416940000,9098.090580474167,181247483.67,3870.576455250176,0.40831987890065147,235185961.65999997,5022.443497554828,0.5298341330850679,416433445.3299999,8893.019952805003,43714.22065083333,14448500.453113588,330.52174413724
4703720,760,Scott County,2783.3158299999996,497.99889604580414,1355,0.48682940879188696,4,0.0014371347861015114,17737000,6372.614925270627,6275000,2254.505195696746,24012000,8627.120120967373,3756221.1300000004,1340.071755262219,0.13596232644050316,19723781.93,7036.668544416696,0.7139332815072996,23480003.06,8376.740299678915,2805.4795033333335,995220.1767811587,354.74156043510095
4703750,770,Sequatchie County,2147.4042575000003,257.7606838914897,945,0.44006618534889436,41,0.019092818623602823,13332000,6208.4258021920205,6065000,2824.340120784174,19397000,9032.765922976194,5081988.56,2379.208127340824,0.2318328273349237,13951538.03,6531.618927902621,0.6364486005780405,19033526.59,8910.827055243446,2205.5366433333334,760747.4793800028,344.92624807640857
4703780,780,Sevier County,14211.196300000001,584.341953125,3996,0.28118674287821915,1090,0.07670008752183656,43241000,3042.741728928197,112320000,7903.627367387782,155561000,10946.369096315979,104685190.45,7281.434962092231,0.6285663945957558,47314994.129999995,3291.0199714822284,0.28409572684321793,152000184.57999998,10572.454933574458,14236.172691666667,5076190.9616733035,356.56992027391743
4700148,792,Shelby County,114855.0770075,557.5516240734179,71143.7442,0.619421849287118,10588,0.092185737678001,638820000,5561.9657105648475,538878000,4691.808268648076,1177698000,10253.773979212923,525430064.33,4898.110078398837,0.39293211738551187,629934139.24,5872.3072119472,0.471083350475232,1155364203.57,10770.417290346035,115274.57393449999,33155083.435943186,287.618355933219
4703870,800,Smith County,2919.4458274999997,311.0757408098029,850,0.2911511465612218,11,0.003767838367262871,17263000,5913.108521278085,7993000,2737.8483699574663,25256000,8650.956891235552,6403151,2159.578752107926,0.22595033641916648,18381482,6199.48802698145,0.6486340930868026,24784633,8359.066779089377,2991.5993708333335,1219776.7095322795,407.7339771576771
4703900,095,South Carroll Special School District,333.44750000000005,110.74310860179344,98,0.29389933947622937,0,0,2121000,6360.821418664106,1012000,3034.9605260198377,3133000,9395.781944683944,855152,2591.369696969697,0.24194953461993654,2272005,6884.863636363636,0.6428220391277445,3127157,9476.233333333334,NA,NA,NA
4703960,810,Stewart County,2007.2993875000002,436.5592404306221,566,0.28197089259561187,5,0.0024909089451909173,12361000,6158.025094300986,3521000,1754.098079203444,15882000,7912.12317350443,2212093,1128.6188775510204,0.11334703039422458,14866487,7584.942346938776,0.7617546612390821,17078580,8713.561224489797,1993.431410833333,952071.3530281519,477.604269629798
4703990,820,Sullivan County,9128.97465,336.65134970682595,3237,0.35458527645270654,56,0.0061343143284990935,40248000,4408.8193409541345,45609000,4996.070396580628,85857000,9404.889737534762,38520695.88,4295.349674397859,0.4190993544455089,43704015.910000004,4873.329160347904,0.4754930936766153,82224711.79,9168.678834745764,9651.3398275,3890686.0687931986,403.1239328768935
4704020,830,Sumner County,29331.500170000003,533.3872846465786,7516,0.25624328644762934,866,0.029524572387393165,152414000,5196.25655410178,121077000,4127.882968762589,273491000,9324.139522864369,115451778.09,3858.5534604458408,0.3958888302924417,155355210.41,5192.1797536847025,0.5327193183729602,270806988.5,9050.733214130543,28954.375518333327,10747182.992410023,371.17647333147016
4704050,621,Sweetwater City,1425.2684875,59.166776848354026,572,0.40132789366817456,87,0.06104113068029928,8209000,5759.616571891687,3743000,2626.1718636363244,11952000,8385.788435528011,3424039,2465.1108711303095,0.24632752079425907,8776132,6318.309575233981,0.6313604598905452,12200171,8783.4204463642909,1497.66375,244885.3633766976,163.51157820084623
4704080,840,Tipton County,10422.03163,454.8324879986034,3249,0.31174344075561017,68,0.006524639572601259,63131000,6057.456189086619,23643000,2268.5596090442878,86774000,8326.015798130908,19377842,1880.7960788119965,0.2054974156511493,65711200,6377.870523148597,0.6968516813861834,85089042,8258.666601960595,10789.661030833333,4440711.991220487,411.5710381012323
4704100,273,Trenton Special School District,1286.2594450000001,104.26876175421532,591,0.4594718447334705,41,0.03187537332330337,8130000,6320.653295572107,4834000,3758.184259630451,12964000,10078.837555202557,3943599.0000000005,3165.007223113965,0.26426116573901504,9048904.02,7262.362776886035,0.6063684276686496,12992503.02,10427.369999999999,1276.2258774999998,406608.0016708979,318.6019096144663
4704170,850,Trousdale County,1255.27024,114.52150716175532,405,0.3226396891238336,26,0.020712671400542403,7718000,6148.476841130241,3230000,2573.151100913537,10948000,8721.627942043779,2776371.42,2150.5588071262587,0.22040908926014108,8320874.23,6445.293749031759,0.6605731126862261,11097245.65,8595.852556158017,1248.3305174999998,500473.0233624176,400.9138736467825
4704200,162,Tullahoma City,3415.2137274999995,22.621054661367776,1025,0.30012762942081495,48,0.014054757280194261,17161000,5024.868535112786,20217000,5919.688081951821,37378000,10944.556617064607,19302548.17,5502.436764538199,0.46581089416345256,18026973.42,5138.817964652224,0.4350286052326423,37329521.59,10641.254729190423,3381.1166866666663,498548.4892159036,147.45083811567784
4704230,860,Unicoi County,2263.408285,174.41691338522,935,0.41309383119095544,83,0.03667036148540032,13654000,6032.495370140434,5724000,2528.929507740138,19378000,8561.424877880572,4771115,2180.5827239488117,0.20639889646192644,14782195,6756.030621572212,0.6394791857427471,19553310,8936.613345521024,2302.936778333333,875064.40494128,379.9776064953794
4704260,661,Union City,1567.0783675000002,10.966642412260752,613,0.3911738000556631,79,0.050412284183356255,8697000,5549.818171425941,6174000,3939.8157284562217,14871000,9489.633899882163,5570838.569999999,3608.0560686528493,0.3282351290210634,9235224.809999999,5981.363218911916,0.5441416348650138,14806063.379999999,9589.419287564766,1589.1449516666664,326851.70170431444,205.67771452284344
4704290,870,Union County,4350.35387,238.50624287280704,1829,0.4204255687365497,16,0.003677861727602403,29013000,6669.112643933033,5484000,1260.5871071357237,34497000,7929.699751068756,4570269,972.3976595744681,0.11136000353212165,31788222,6763.451489361702,0.7745575838533503,36358491,7735.84914893617,3703.9798183333332,1679147.8849634044,453.33613230078686
4704320,880,Van Buren County,720.2550800000001,258.4338284894152,305,0.4234610882577877,1,0.0013883970106812712,5058000,7022.512080025869,1741000,2417.199195596093,6799000,9439.711275621963,1519600.53,2128.2920588235293,0.18025432469515948,5913800.06,8282.633137254901,0.7014922771825393,7433400.59,10410.925196078431,709.0685933333333,289229.96179542306,407.9012446958795
4704350,890,Warren County,6276.18785,418.4683191092146,2509,0.3997649624206197,414,0.0659636087852278,36294000,5782.8097035049705,18699000,2979.356330132789,54993000,8762.166033637759,20089370.45,3199.453806338589,0.30050805645642303,38611391,6149.289855072464,0.5775708151416474,58700761.45,9348.743661411054,6369.054315,2234676.7315146434,350.86476280343095
4704380,900,Washington County,8329.55425,288.28969819679503,2262,0.27156315117342567,45,0.0054024499570310145,35632000,4277.779930420646,33992000,4080.8906430977386,69624000,8358.670573518386,32444703.709999997,3881.8740978703036,0.4224768986747407,37669612.169999994,4507.012702799712,0.4905127525931679,70114315.88,8388.886800670016,8480.666343333332,4011680.9654277926,473.0384150275388
4704440,910,Wayne County,2055.767785,673.3599033737307,513,0.2495418031857134,1,4.8643626351990916e-4,14434000,7021.221027646369,4928000,2397.1579066261124,19362000,9418.378934272481,3220261.12,1555.6817004830918,0.14291894845153927,16053793.81,7755.455946859904,0.7124861135431868,19274054.93,9311.137647342995,2177.549805,1175234.9728782373,539.7052091206874
4704470,920,Weakley County,3986.88008,562.4830812641084,1524,0.38225378476896654,30,0.0075246808025387114,22893000,5742.083920417291,11443000,2870.1640807816825,34336000,8612.248001198972,9296962,2354.257280324133,0.2382768146867956,24595279.82,6228.229886047101,0.6303655895162337,33892241.82,8582.487166371233,4128.171819166667,1623888.579168408,393.3674881527131
4704490,097,West Carroll Special School District,862.959595,200.0369946685211,355,0.41137499606803724,1,0.001158802805825457,5379000,6233.200292535133,2682000,3107.9091252238754,8061000,9341.109417759008,2197585.8600000003,2447.2002895322944,0.2366048804618394,5793481,6451.537861915367,0.6237598741479605,7991066.86,8898.738151447662,NA,NA,NA
4704500,930,White County,3774.91625,363.67208574181114,1492,0.3952405566613564,25,0.006622663482931575,22569000,5978.675685851308,8993000,2382.304508080146,31562000,8360.980193931455,6558030.19,1739.5305543766578,0.18550635286083142,23657628.53,6275.233031830239,0.6692010037752895,30215658.720000003,8014.763586206897,3848.2194283333333,1466747.1745943942,381.1495684978763
4704530,940,Williamson County,39919.986135,556.1668241219332,1361,0.034093198213982795,877,0.021968945505997733,137326000,3440.031254910655,320178000,8020.49376763893,457504000,11460.525022549586,349455317.16999996,8592.670514888488,0.6924120912939039,140978637.34999996,3466.4889067840363,0.27933560692622483,490433954.5199999,12059.159421672524,37572.25517916667,14044148.65669556,373.7904096979214
4704550,950,Wilson County,18351.01253,524.9746117976885,2610,0.1422264845459184,745,0.04059721493743648,84934000,4628.300474491583,76034000,4143.3136114805975,160968000,8771.614085972182,65585071.800000004,3511.1661116762143,0.40568796963531684,86701687.46000001,4641.666441458323,0.5363085010696476,152286759.26000002,8152.832553134537,17670.635874166666,6712528.306933847,379.8690864739696
